"","x"
"1","tissue"
"2","tissue"
"3","tissue"
"4","tissue"
"5","tissue"
"6","tissue"
"7","tissue"
"8","tissue"
"9","tissue"
"10","tissue"
"11","tissue"
"12","tissue"
"13","tissue"
"14","tissue"
"15","tissue"
"16","tissue"
"17","tissue"
"18","tissue"
"19","tissue"
"20","tissue"
"21","tissue"
"22","tissue"
"23","tissue"
"24","tissue"
"25","tissue"
"26","tissue"
"27","tissue"
"28","tissue"
"29","tissue"
"30","tissue"
"31","tissue"
"32","tissue"
"33","tissue"
"34","tissue"
"35","tissue"
"36","tissue"
"37","tissue"
"38","tissue"
"39","tissue"
"40","tissue"
"41","tissue"
"42","tissue"
"43","tissue"
"44","tissue"
"45","tissue"
"46","tissue"
"47","tissue"
"48","tissue"
"49","tissue"
"50","tissue"
"51","tissue"
"52","tissue"
"53","tissue"
"54","tissue"
"55","tissue"
"56","tissue"
"57","tissue"
"58","tissue"
"59","tissue"
"60","tissue"
"61","tissue"
"62","tissue"
"63","tissue"
"64","tissue"
"65","tissue"
"66","tissue"
"67","tissue"
"68","tissue"
"69","tissue"
"70","tissue"
"71","tissue"
"72","tissue"
"73","tissue"
"74","tissue"
"75","tissue"
"76","tissue"
"77","tissue"
"78","tissue"
"79","tissue"
"80","tissue"
"81","tissue"
"82","tissue"
"83","tissue"
"84","tissue"
"85","tissue"
"86","tissue"
"87","tissue"
"88","tissue"
"89","tissue"
"90","tissue"
"91","tissue"
"92","tissue"
"93","tissue"
"94","tissue"
"95","tissue"
"96","tissue"
